{
    "packages": [
        {
            "name": "doctrine/annotations",
            "version": "1.14.3",
            "version_normalized": "1.14.3.0",
            "source": {
                "type": "git",
                "url": "https://github.com/doctrine/annotations.git",
                "reference": "fb0d71a7393298a7b232cbf4c8b1f73f3ec3d5af"
            },
            "dist": {
                "type": "zip",
                "url": "https://api.github.com/repos/doctrine/annotations/zipball/fb0d71a7393298a7b232cbf4c8b1f73f3ec3d5af",
                "reference": "fb0d71a7393298a7b232cbf4c8b1f73f3ec3d5af",
                "shasum": ""
            },
            "require": {
                "doctrine/lexer": "^1 || ^2",
                "ext-tokenizer": "*",
                "php": "^7.1 || ^8.0",
                "psr/cache": "^1 || ^2 || ^3"
            },
            "require-dev": {
                "doctrine/cache": "^1.11 || ^2.0",
                "doctrine/coding-standard": "^9 || ^10",
                "phpstan/phpstan": "~1.4.10 || ^1.8.0",
                "phpunit/phpunit": "^7.5 || ^8.5 || ^9.5",
                "symfony/cache": "^4.4 || ^5.4 || ^6",
                "vimeo/psalm": "^4.10"
            },
            "suggest": {
                "php": "PHP 8.0 or higher comes with attributes, a native replacement for annotations"
            },
            "time": "2023-02-01T09:20:38+00:00",
            "type": "library",
            "installation-source": "dist",
            "autoload": {
                "psr-4": {
                    "Doctrine\\Common\\Annotations\\": "lib/Doctrine/Common/Annotations"
                }
            },
            "notification-url": "https://packagist.org/downloads/",
            "license": [
                "MIT"
            ],
            "authors": [
                {
                    "name": "Guilherme Blanco",
                    "email": "guilhermeblanco@gmail.com"
                },
                {
                    "name": "Roman Borschel",
                    "email": "roman@code-factory.org"
                },
                {
                    "name": "Benjamin Eberlei",
                    "email": "kontakt@beberlei.de"
                },
                {
                    "name": "Jonathan Wage",
                    "email": "jonwage@gmail.com"
                },
                {
                    "name": "Johannes Schmitt",
                    "email": "schmittjoh@gmail.com"
                }
            ],
            "description": "Docblock Annotations Parser",
            "homepage": "https://www.doctrine-project.org/projects/annotations.html",
            "keywords": [
                "annotations",
                "docblock",
                "parser"
            ],
            "support": {
                "issues": "https://github.com/doctrine/annotations/issues",
                "source": "https://github.com/doctrine/annotations/tree/1.14.3"
            },
            "install-path": "../doctrine/annotations"
        },
        {
            "name": "doctrine/common",
            "version": "3.4.3",
            "version_normalized": "3.4.3.0",
            "source": {
                "type": "git",
                "url": "https://github.com/doctrine/common.git",
                "reference": "8b5e5650391f851ed58910b3e3d48a71062eeced"
            },
            "dist": {
                "type": "zip",
                "url": "https://api.github.com/repos/doctrine/common/zipball/8b5e5650391f851ed58910b3e3d48a71062eeced",
                "reference": "8b5e5650391f851ed58910b3e3d48a71062eeced",
                "shasum": ""
            },
            "require": {
                "doctrine/persistence": "^2.0 || ^3.0",
                "php": "^7.1 || ^8.0"
            },
            "require-dev": {
                "doctrine/coding-standard": "^9.0 || ^10.0",
                "doctrine/collections": "^1",
                "phpstan/phpstan": "^1.4.1",
                "phpstan/phpstan-phpunit": "^1",
                "phpunit/phpunit": "^7.5.20 || ^8.5 || ^9.0",
                "squizlabs/php_codesniffer": "^3.0",
                "symfony/phpunit-bridge": "^6.1",
                "vimeo/psalm": "^4.4"
            },
            "time": "2022-10-09T11:47:59+00:00",
            "type": "library",
            "installation-source": "dist",
            "autoload": {
                "psr-4": {
                    "Doctrine\\Common\\": "src"
                }
            },
            "notification-url": "https://packagist.org/downloads/",
            "license": [
                "MIT"
            ],
            "authors": [
                {
                    "name": "Guilherme Blanco",
                    "email": "guilhermeblanco@gmail.com"
                },
                {
                    "name": "Roman Borschel",
                    "email": "roman@code-factory.org"
                },
                {
                    "name": "Benjamin Eberlei",
                    "email": "kontakt@beberlei.de"
                },
                {
                    "name": "Jonathan Wage",
                    "email": "jonwage@gmail.com"
                },
                {
                    "name": "Johannes Schmitt",
                    "email": "schmittjoh@gmail.com"
                },
                {
                    "name": "Marco Pivetta",
                    "email": "ocramius@gmail.com"
                }
            ],
            "description": "PHP Doctrine Common project is a library that provides additional functionality that other Doctrine projects depend on such as better reflection support, proxies and much more.",
            "homepage": "https://www.doctrine-project.org/projects/common.html",
            "keywords": [
                "common",
                "doctrine",
                "php"
            ],
            "support": {
                "issues": "https://github.com/doctrine/common/issues",
                "source": "https://github.com/doctrine/common/tree/3.4.3"
            },
            "funding": [
                {
                    "url": "https://www.doctrine-project.org/sponsorship.html",
                    "type": "custom"
                },
                {
                    "url": "https://www.patreon.com/phpdoctrine",
                    "type": "patreon"
                },
                {
                    "url": "https://tidelift.com/funding/github/packagist/doctrine%2Fcommon",
                    "type": "tidelift"
                }
            ],
            "install-path": "../doctrine/common"
        },
        {
            "name": "doctrine/deprecations",
            "version": "v1.0.0",
            "version_normalized": "1.0.0.0",
            "source": {
                "type": "git",
                "url": "https://github.com/doctrine/deprecations.git",
                "reference": "0e2a4f1f8cdfc7a92ec3b01c9334898c806b30de"
            },
            "dist": {
                "type": "zip",
                "url": "https://api.github.com/repos/doctrine/deprecations/zipball/0e2a4f1f8cdfc7a92ec3b01c9334898c806b30de",
                "reference": "0e2a4f1f8cdfc7a92ec3b01c9334898c806b30de",
                "shasum": ""
            },
            "require": {
                "php": "^7.1|^8.0"
            },
            "require-dev": {
                "doctrine/coding-standard": "^9",
                "phpunit/phpunit": "^7.5|^8.5|^9.5",
                "psr/log": "^1|^2|^3"
            },
            "suggest": {
                "psr/log": "Allows logging deprecations via PSR-3 logger implementation"
            },
            "time": "2022-05-02T15:47:09+00:00",
            "type": "library",
            "installation-source": "dist",
            "autoload": {
                "psr-4": {
                    "Doctrine\\Deprecations\\": "lib/Doctrine/Deprecations"
                }
            },
            "notification-url": "https://packagist.org/downloads/",
            "license": [
                "MIT"
            ],
            "description": "A small layer on top of trigger_error(E_USER_DEPRECATED) or PSR-3 logging with options to disable all deprecations or selectively for packages.",
            "homepage": "https://www.doctrine-project.org/",
            "support": {
                "issues": "https://github.com/doctrine/deprecations/issues",
                "source": "https://github.com/doctrine/deprecations/tree/v1.0.0"
            },
            "install-path": "../doctrine/deprecations"
        },
        {
            "name": "doctrine/event-manager",
            "version": "2.0.0",
            "version_normalized": "2.0.0.0",
            "source": {
                "type": "git",
                "url": "https://github.com/doctrine/event-manager.git",
                "reference": "750671534e0241a7c50ea5b43f67e23eb5c96f32"
            },
            "dist": {
                "type": "zip",
                "url": "https://api.github.com/repos/doctrine/event-manager/zipball/750671534e0241a7c50ea5b43f67e23eb5c96f32",
                "reference": "750671534e0241a7c50ea5b43f67e23eb5c96f32",
                "shasum": ""
            },
            "require": {
                "php": "^8.1"
            },
            "conflict": {
                "doctrine/common": "<2.9"
            },
            "require-dev": {
                "doctrine/coding-standard": "^10",
                "phpstan/phpstan": "^1.8.8",
                "phpunit/phpunit": "^9.5",
                "vimeo/psalm": "^4.28"
            },
            "time": "2022-10-12T20:59:15+00:00",
            "type": "library",
            "installation-source": "dist",
            "autoload": {
                "psr-4": {
                    "Doctrine\\Common\\": "src"
                }
            },
            "notification-url": "https://packagist.org/downloads/",
            "license": [
                "MIT"
            ],
            "authors": [
                {
                    "name": "Guilherme Blanco",
                    "email": "guilhermeblanco@gmail.com"
                },
                {
                    "name": "Roman Borschel",
                    "email": "roman@code-factory.org"
                },
                {
                    "name": "Benjamin Eberlei",
                    "email": "kontakt@beberlei.de"
                },
                {
                    "name": "Jonathan Wage",
                    "email": "jonwage@gmail.com"
                },
                {
                    "name": "Johannes Schmitt",
                    "email": "schmittjoh@gmail.com"
                },
                {
                    "name": "Marco Pivetta",
                    "email": "ocramius@gmail.com"
                }
            ],
            "description": "The Doctrine Event Manager is a simple PHP event system that was built to be used with the various Doctrine projects.",
            "homepage": "https://www.doctrine-project.org/projects/event-manager.html",
            "keywords": [
                "event",
                "event dispatcher",
                "event manager",
                "event system",
                "events"
            ],
            "support": {
                "issues": "https://github.com/doctrine/event-manager/issues",
                "source": "https://github.com/doctrine/event-manager/tree/2.0.0"
            },
            "funding": [
                {
                    "url": "https://www.doctrine-project.org/sponsorship.html",
                    "type": "custom"
                },
                {
                    "url": "https://www.patreon.com/phpdoctrine",
                    "type": "patreon"
                },
                {
                    "url": "https://tidelift.com/funding/github/packagist/doctrine%2Fevent-manager",
                    "type": "tidelift"
                }
            ],
            "install-path": "../doctrine/event-manager"
        },
        {
            "name": "doctrine/lexer",
            "version": "2.1.0",
            "version_normalized": "2.1.0.0",
            "source": {
                "type": "git",
                "url": "https://github.com/doctrine/lexer.git",
                "reference": "39ab8fcf5a51ce4b85ca97c7a7d033eb12831124"
            },
            "dist": {
                "type": "zip",
                "url": "https://api.github.com/repos/doctrine/lexer/zipball/39ab8fcf5a51ce4b85ca97c7a7d033eb12831124",
                "reference": "39ab8fcf5a51ce4b85ca97c7a7d033eb12831124",
                "shasum": ""
            },
            "require": {
                "doctrine/deprecations": "^1.0",
                "php": "^7.1 || ^8.0"
            },
            "require-dev": {
                "doctrine/coding-standard": "^9 || ^10",
                "phpstan/phpstan": "^1.3",
                "phpunit/phpunit": "^7.5 || ^8.5 || ^9.5",
                "psalm/plugin-phpunit": "^0.18.3",
                "vimeo/psalm": "^4.11 || ^5.0"
            },
            "time": "2022-12-14T08:49:07+00:00",
            "type": "library",
            "installation-source": "dist",
            "autoload": {
                "psr-4": {
                    "Doctrine\\Common\\Lexer\\": "src"
                }
            },
            "notification-url": "https://packagist.org/downloads/",
            "license": [
                "MIT"
            ],
            "authors": [
                {
                    "name": "Guilherme Blanco",
                    "email": "guilhermeblanco@gmail.com"
                },
                {
                    "name": "Roman Borschel",
                    "email": "roman@code-factory.org"
                },
                {
                    "name": "Johannes Schmitt",
                    "email": "schmittjoh@gmail.com"
                }
            ],
            "description": "PHP Doctrine Lexer parser library that can be used in Top-Down, Recursive Descent Parsers.",
            "homepage": "https://www.doctrine-project.org/projects/lexer.html",
            "keywords": [
                "annotations",
                "docblock",
                "lexer",
                "parser",
                "php"
            ],
            "support": {
                "issues": "https://github.com/doctrine/lexer/issues",
                "source": "https://github.com/doctrine/lexer/tree/2.1.0"
            },
            "funding": [
                {
                    "url": "https://www.doctrine-project.org/sponsorship.html",
                    "type": "custom"
                },
                {
                    "url": "https://www.patreon.com/phpdoctrine",
                    "type": "patreon"
                },
                {
                    "url": "https://tidelift.com/funding/github/packagist/doctrine%2Flexer",
                    "type": "tidelift"
                }
            ],
            "install-path": "../doctrine/lexer"
        },
        {
            "name": "doctrine/persistence",
            "version": "3.1.4",
            "version_normalized": "3.1.4.0",
            "source": {
                "type": "git",
                "url": "https://github.com/doctrine/persistence.git",
                "reference": "8bf8ab15960787f1a49d405f6eb8c787b4841119"
            },
            "dist": {
                "type": "zip",
                "url": "https://api.github.com/repos/doctrine/persistence/zipball/8bf8ab15960787f1a49d405f6eb8c787b4841119",
                "reference": "8bf8ab15960787f1a49d405f6eb8c787b4841119",
                "shasum": ""
            },
            "require": {
                "doctrine/event-manager": "^1 || ^2",
                "php": "^7.2 || ^8.0",
                "psr/cache": "^1.0 || ^2.0 || ^3.0"
            },
            "conflict": {
                "doctrine/common": "<2.10"
            },
            "require-dev": {
                "composer/package-versions-deprecated": "^1.11",
                "doctrine/coding-standard": "^11",
                "doctrine/common": "^3.0",
                "phpstan/phpstan": "1.9.4",
                "phpstan/phpstan-phpunit": "^1",
                "phpstan/phpstan-strict-rules": "^1.1",
                "phpunit/phpunit": "^8.5 || ^9.5",
                "symfony/cache": "^4.4 || ^5.4 || ^6.0",
                "vimeo/psalm": "4.30.0 || 5.3.0"
            },
            "time": "2023-02-03T11:13:07+00:00",
            "type": "library",
            "installation-source": "dist",
            "autoload": {
                "psr-4": {
                    "Doctrine\\Persistence\\": "src/Persistence"
                }
            },
            "notification-url": "https://packagist.org/downloads/",
            "license": [
                "MIT"
            ],
            "authors": [
                {
                    "name": "Guilherme Blanco",
                    "email": "guilhermeblanco@gmail.com"
                },
                {
                    "name": "Roman Borschel",
                    "email": "roman@code-factory.org"
                },
                {
                    "name": "Benjamin Eberlei",
                    "email": "kontakt@beberlei.de"
                },
                {
                    "name": "Jonathan Wage",
                    "email": "jonwage@gmail.com"
                },
                {
                    "name": "Johannes Schmitt",
                    "email": "schmittjoh@gmail.com"
                },
                {
                    "name": "Marco Pivetta",
                    "email": "ocramius@gmail.com"
                }
            ],
            "description": "The Doctrine Persistence project is a set of shared interfaces and functionality that the different Doctrine object mappers share.",
            "homepage": "https://www.doctrine-project.org/projects/persistence.html",
            "keywords": [
                "mapper",
                "object",
                "odm",
                "orm",
                "persistence"
            ],
            "support": {
                "issues": "https://github.com/doctrine/persistence/issues",
                "source": "https://github.com/doctrine/persistence/tree/3.1.4"
            },
            "funding": [
                {
                    "url": "https://www.doctrine-project.org/sponsorship.html",
                    "type": "custom"
                },
                {
                    "url": "https://www.patreon.com/phpdoctrine",
                    "type": "patreon"
                },
                {
                    "url": "https://tidelift.com/funding/github/packagist/doctrine%2Fpersistence",
                    "type": "tidelift"
                }
            ],
            "install-path": "../doctrine/persistence"
        },
        {
            "name": "mercadopago/dx-php",
            "version": "2.5.3",
            "version_normalized": "2.5.3.0",
            "source": {
                "type": "git",
                "url": "https://github.com/mercadopago/sdk-php.git",
                "reference": "c41853bde4a85742fd3b6741effde34c6919da2d"
            },
            "dist": {
                "type": "zip",
                "url": "https://api.github.com/repos/mercadopago/sdk-php/zipball/c41853bde4a85742fd3b6741effde34c6919da2d",
                "reference": "c41853bde4a85742fd3b6741effde34c6919da2d",
                "shasum": ""
            },
            "require": {
                "doctrine/annotations": "^1.8",
                "doctrine/common": "^2.6 || ^3.0",
                "php": ">=7.1.0"
            },
            "require-dev": {
                "doctrine/orm": "~2.3",
                "phpmd/phpmd": "@stable",
                "phpunit/phpunit": "^7",
                "sebastian/phpcpd": "*",
                "squizlabs/php_codesniffer": "2.8.1",
                "symfony/yaml": "~2.5",
                "vlucas/phpdotenv": "^2.5"
            },
            "time": "2022-11-30T12:55:58+00:00",
            "type": "library",
            "installation-source": "dist",
            "autoload": {
                "psr-4": {
                    "MercadoPago\\": [
                        "src/MercadoPago/",
                        "tests/",
                        "src/MercadoPago/Generic/",
                        "src/MercadoPago/Entities/",
                        "src/MercadoPago/Entities/Shared/"
                    ]
                }
            },
            "notification-url": "https://packagist.org/downloads/",
            "license": [
                "MIT"
            ],
            "description": "Mercado Pago PHP SDK",
            "homepage": "https://github.com/mercadopago/sdk-php",
            "support": {
                "source": "https://github.com/mercadopago/sdk-php/tree/2.5.3"
            },
            "install-path": "../mercadopago/dx-php"
        },
        {
            "name": "psr/cache",
            "version": "3.0.0",
            "version_normalized": "3.0.0.0",
            "source": {
                "type": "git",
                "url": "https://github.com/php-fig/cache.git",
                "reference": "aa5030cfa5405eccfdcb1083ce040c2cb8d253bf"
            },
            "dist": {
                "type": "zip",
                "url": "https://api.github.com/repos/php-fig/cache/zipball/aa5030cfa5405eccfdcb1083ce040c2cb8d253bf",
                "reference": "aa5030cfa5405eccfdcb1083ce040c2cb8d253bf",
                "shasum": ""
            },
            "require": {
                "php": ">=8.0.0"
            },
            "time": "2021-02-03T23:26:27+00:00",
            "type": "library",
            "extra": {
                "branch-alias": {
                    "dev-master": "1.0.x-dev"
                }
            },
            "installation-source": "dist",
            "autoload": {
                "psr-4": {
                    "Psr\\Cache\\": "src/"
                }
            },
            "notification-url": "https://packagist.org/downloads/",
            "license": [
                "MIT"
            ],
            "authors": [
                {
                    "name": "PHP-FIG",
                    "homepage": "https://www.php-fig.org/"
                }
            ],
            "description": "Common interface for caching libraries",
            "keywords": [
                "cache",
                "psr",
                "psr-6"
            ],
            "support": {
                "source": "https://github.com/php-fig/cache/tree/3.0.0"
            },
            "install-path": "../psr/cache"
        }
    ],
    "dev": true,
    "dev-package-names": []
}
